{
  "nsh": [
    {
      "id": "1",
      "item": "1",
      "employeeId": "1000002134",
      "firstName": "KENNETH",
      "lastName": "CHAVEZ N.",
      "middleName": "CHAVEZ",
      "age": 26,
      "phone": "+504 3147-2748",
      "address": "SAN PEDRO SULA, HONDURAS",
      "email": "it@copantl.com",
      "position": "AUXILIAR DE INFORMATICA",
      "department": "INFORMATICA",
      "photo": "https://images.pexels.com/photos/2379004/pexels-photo-2379004.jpeg",
      "hireDate": "2024-01-01",
      "salary": 25000,
      "isActive": true
    },
    {
      "id": "2",
      "item": "2",
      "employeeId": "1000001337",
      "firstName": "SERVIO ADALI",
      "lastName": "FERNANDEZ",
      "middleName": "RIVERA",
      "age": 40,
      "phone": "+504 8888-8888",
      "address": "SAN PEDRO SULA, HONDURAS",
      "email": "contabilidad@copantl.com",
      "position": "AUXILIAR DE CONTABILIDAD",
      "department": "CONTABILIDAD",
      "photo": "https://images.pexels.com/photos/2379004/pexels-photo-2379004.jpeg",
      "hireDate": "2024-01-01",
      "salary": 22000,
      "isActive": true
    },
    {
      "id": "3",
      "item": "3",
      "employeeId": "1000001388",
      "firstName": "ILEANA",
      "lastName": "CANTILLANO",
      "middleName": "GOMEZ",
      "age": 38,
      "phone": "+504 8888-8888",
      "address": "SAN PEDRO SULA, HONDURAS",
      "email": "contabilidad2@copantl.com",
      "position": "AUXILIAR DE CONTABILIDAD",
      "department": "CONTABILIDAD",
      "photo": "https://images.pexels.com/photos/2379004/pexels-photo-2379004.jpeg",
      "hireDate": "2024-01-01",
      "salary": 22000,
      "isActive": true
    }
  ],
  "tsn": [
    {
      "id": "4",
      "item": "1",
      "employeeId": "1000002099",
      "firstName": "NATALIA",
      "lastName": "LARACH",
      "middleName": "CRESPO",
      "age": 26,
      "phone": "+504 9999-9999",
      "address": "SAN PEDRO SULA, HONDURAS",
      "email": "presidencia@copantl.com",
      "position": "PRESIDENCIA",
      "department": "PRESIDENCIA",
      "photo": "https://images.pexels.com/photos/2379004/pexels-photo-2379004.jpeg",
      "hireDate": "2024-01-01",
      "salary": 50000,
      "isActive": true
    },
    {
      "id": "5",
      "item": "2",
      "employeeId": "1000001990",
      "firstName": "KAREM MELISSA",
      "lastName": "LEMUS",
      "middleName": "GALLEGOS",
      "age": 26,
      "phone": "+504 8888-8888",
      "address": "SAN PEDRO SULA, HONDURAS",
      "email": "asistente.presidencia@copantl.com",
      "position": "ASISTENTE DE PRESIDENCIA",
      "department": "PRESIDENCIA",
      "photo": "https://images.pexels.com/photos/2379004/pexels-photo-2379004.jpeg",
      "hireDate": "2024-01-01",
      "salary": 35000,
      "isActive": true
    }
  ],
  "oth": [
    {
      "id": "6",
      "item": "1",
      "employeeId": "1000001693",
      "firstName": "LUIS NAPOLEON",
      "lastName": "LARACH",
      "middleName": "LARACH",
      "age": 60,
      "phone": "+504 9999-9999",
      "address": "SAN PEDRO SULA, HONDURAS",
      "email": "presidencia.oth@copantl.com",
      "position": "PRESIDENTE",
      "department": "PRESIDENCIA",
      "photo": "https://images.pexels.com/photos/2379004/pexels-photo-2379004.jpeg",
      "hireDate": "2024-01-01",
      "salary": 100000,
      "isActive": true
    },
    {
      "id": "7",
      "item": "2",
      "employeeId": "1000001912",
      "firstName": "GUILLERMO JOSE",
      "lastName": "ORELLANA",
      "middleName": "BAHR",
      "age": 40,
      "phone": "+504 3333-3333",
      "address": "SAN PEDRO SULA, HONDURAS",
      "email": "operaciones@copantl.com",
      "position": "GERENTE OPERACIONES GENERAL",
      "department": "OPERACIONES",
      "photo": "https://images.pexels.com/photos/2379004/pexels-photo-2379004.jpeg",
      "hireDate": "2024-01-01",
      "salary": 45000,
      "isActive": true
    }
  ]
}